Name,Allocation
FUTR.L,0.14175243956482347
WJG.L,0.1358193841470153
NXT.L,0.1333034981797246
PPH.L,0.11164876959683033
LLOY.L,0.0940987558045978
IAG.L,0.08159270280002384
GSK.L,0.08091069707185677
MRO.L,0.08022177642463342
TIFS.L,0.07773179408089739
IHG.L,0.06292018232959709
