Name,Allocation
WPP.L,0.20344706576137658
DGE.L,0.20267817614193723
EXPN.L,0.20127133897364205
CRDA.L,0.19784958641489753
IHG.L,0.19475383270814675
