Name,Allocation
MLYBY,0.0938238278587934
5216.KL,0.0921840362231157
7293.KL,0.09183905442559415
7108.KL,0.0906362729102095
